{"mean":{"confidence_interval":{"confidence_level":0.95,"lower_bound":104061209.87400001,"upper_bound":110194322.82},"point_estimate":107232355.49,"standard_error":1567479.3466827066},"median":{"confidence_interval":{"confidence_level":0.95,"lower_bound":107895778.0,"upper_bound":111788417.0},"point_estimate":109921874.5,"standard_error":1136894.1788622118},"median_abs_dev":{"confidence_interval":{"confidence_level":0.95,"lower_bound":6228368.389624357,"upper_bound":13127156.626546383},"point_estimate":9311847.197681665,"standard_error":1799034.006321421},"slope":null,"std_dev":{"confidence_interval":{"confidence_level":0.95,"lower_bound":12395344.731801657,"upper_bound":18395558.270058636},"point_estimate":15703397.12960771,"standard_error":1527390.2811596915}}