{"mean":{"confidence_interval":{"confidence_level":0.95,"lower_bound":150128762.8915,"upper_bound":150702148.883},"point_estimate":150404719.64,"standard_error":146515.6682810982},"median":{"confidence_interval":{"confidence_level":0.95,"lower_bound":149999887.0,"upper_bound":150367041.0},"point_estimate":150211717.0,"standard_error":83140.5338370871},"median_abs_dev":{"confidence_interval":{"confidence_level":0.95,"lower_bound":705534.486374259,"upper_bound":1290457.982289791},"point_estimate":982713.9644533396,"standard_error":145387.01236046458},"slope":null,"std_dev":{"confidence_interval":{"confidence_level":0.95,"lower_bound":1138303.8715518531,"upper_bound":1766187.6972081575},"point_estimate":1465657.2860432852,"standard_error":160739.9391832908}}