{"mean":{"confidence_interval":{"confidence_level":0.95,"lower_bound":49883339.04375,"upper_bound":53022018.253249995},"point_estimate":51471423.41,"standard_error":801848.1575166926},"median":{"confidence_interval":{"confidence_level":0.95,"lower_bound":51954418.0,"upper_bound":55047432.0},"point_estimate":53577714.5,"standard_error":665999.2954551833},"median_abs_dev":{"confidence_interval":{"confidence_level":0.95,"lower_bound":5021812.963744998,"upper_bound":9916385.491248965},"point_estimate":7204974.042186141,"standard_error":1253755.2452453796},"slope":null,"std_dev":{"confidence_interval":{"confidence_level":0.95,"lower_bound":7180843.403009041,"upper_bound":8722162.653200684},"point_estimate":8046879.928118793,"standard_error":393586.0654831598}}