{"mean":{"confidence_interval":{"confidence_level":0.95,"lower_bound":455156996.0675,"upper_bound":455614117.32775},"point_estimate":455388941.86,"standard_error":116676.26697174052},"median":{"confidence_interval":{"confidence_level":0.95,"lower_bound":455196533.0,"upper_bound":455842439.0},"point_estimate":455424108.5,"standard_error":162934.03215084237},"median_abs_dev":{"confidence_interval":{"confidence_level":0.95,"lower_bound":851611.3552808762,"upper_bound":1363344.820895791},"point_estimate":1105380.5797755718,"standard_error":130416.31605141726},"slope":null,"std_dev":{"confidence_interval":{"confidence_level":0.95,"lower_bound":995671.539435353,"upper_bound":1334871.5217002598},"point_estimate":1175948.5130893663,"standard_error":86721.93262012162}}