{"mean":{"confidence_interval":{"confidence_level":0.95,"lower_bound":1009326842.11525,"upper_bound":1009628111.2075},"point_estimate":1009475660.14,"standard_error":76574.942362814},"median":{"confidence_interval":{"confidence_level":0.95,"lower_bound":1009202566.5,"upper_bound":1009684948.0},"point_estimate":1009409156.5,"standard_error":112081.8330601895},"median_abs_dev":{"confidence_interval":{"confidence_level":0.95,"lower_bound":603329.9745887518,"upper_bound":969267.5239920616},"point_estimate":800134.0015947819,"standard_error":93577.49866091825},"slope":null,"std_dev":{"confidence_interval":{"confidence_level":0.95,"lower_bound":642497.8293724983,"upper_bound":902796.1963099273},"point_estimate":768742.5405167729,"standard_error":67319.25843057573}}