{"mean":{"confidence_interval":{"confidence_level":0.95,"lower_bound":27452.974104008976,"upper_bound":27527.65665271245},"point_estimate":27487.89581388668,"standard_error":18.986486883759582},"median":{"confidence_interval":{"confidence_level":0.95,"lower_bound":27426.98752228164,"upper_bound":27505.86038961039},"point_estimate":27465.777885235333,"standard_error":19.38752291434467},"median_abs_dev":{"confidence_interval":{"confidence_level":0.95,"lower_bound":112.0516954240148,"upper_bound":177.64586566071932},"point_estimate":145.34956785206856,"standard_error":16.79057437870327},"slope":{"confidence_interval":{"confidence_level":0.95,"lower_bound":27398.72790333642,"upper_bound":27456.678241206297},"point_estimate":27426.774486971084,"standard_error":14.78744384632474},"std_dev":{"confidence_interval":{"confidence_level":0.95,"lower_bound":127.52040492289483,"upper_bound":257.5756366994276},"point_estimate":190.4792370311378,"standard_error":34.7840867528915}}