{"mean":{"confidence_interval":{"confidence_level":0.95,"lower_bound":26240560.09075,"upper_bound":26691667.28025},"point_estimate":26468638.525,"standard_error":114943.39060992729},"median":{"confidence_interval":{"confidence_level":0.95,"lower_bound":26231723.25,"upper_bound":26837821.0},"point_estimate":26493915.0,"standard_error":161251.8449223969},"median_abs_dev":{"confidence_interval":{"confidence_level":0.95,"lower_bound":983022.7158978581,"upper_bound":1500342.2475636005},"point_estimate":1277867.0020133257,"standard_error":134868.28791479964},"slope":null,"std_dev":{"confidence_interval":{"confidence_level":0.95,"lower_bound":1000744.3105695356,"upper_bound":1287340.7139208622},"point_estimate":1154213.2929753326,"standard_error":73272.18827239625}}