{"mean":{"confidence_interval":{"confidence_level":0.95,"lower_bound":7805413.3,"upper_bound":7854462.6090625},"point_estimate":7829831.2225,"standard_error":12459.076624184465},"median":{"confidence_interval":{"confidence_level":0.95,"lower_bound":7790476.5,"upper_bound":7857614.375},"point_estimate":7804394.25,"standard_error":20103.812769935015},"median_abs_dev":{"confidence_interval":{"confidence_level":0.95,"lower_bound":98121.06080800295,"upper_bound":161397.871709615},"point_estimate":132527.75839716196,"standard_error":16764.85949476524},"slope":null,"std_dev":{"confidence_interval":{"confidence_level":0.95,"lower_bound":109658.7962993827,"upper_bound":138474.5309765399},"point_estimate":125098.95826728219,"standard_error":7357.012474960718}}