{"mean":{"confidence_interval":{"confidence_level":0.95,"lower_bound":15843202.11533334,"upper_bound":16033567.800583333},"point_estimate":15937677.040000003,"standard_error":48551.74739169325},"median":{"confidence_interval":{"confidence_level":0.95,"lower_bound":15826375.0,"upper_bound":16028670.0},"point_estimate":15922769.166666668,"standard_error":56862.06080435498},"median_abs_dev":{"confidence_interval":{"confidence_level":0.95,"lower_bound":377685.35654224467,"upper_bound":602146.1185097722},"point_estimate":460630.2213221784,"standard_error":56676.21322715278},"slope":null,"std_dev":{"confidence_interval":{"confidence_level":0.95,"lower_bound":415730.50892006734,"upper_bound":558889.391723367},"point_estimate":488018.73072340904,"standard_error":36728.48565370419}}