{"mean":{"confidence_interval":{"confidence_level":0.95,"lower_bound":448437857.8435,"upper_bound":448938287.3455},"point_estimate":448689364.54,"standard_error":127909.4993836528},"median":{"confidence_interval":{"confidence_level":0.95,"lower_bound":448512502.5,"upper_bound":449153549.5},"point_estimate":448896092.0,"standard_error":162437.34040733607},"median_abs_dev":{"confidence_interval":{"confidence_level":0.95,"lower_bound":841486.6800606251,"upper_bound":1421463.4811639786},"point_estimate":1042205.5122971535,"standard_error":151652.79980059373},"slope":null,"std_dev":{"confidence_interval":{"confidence_level":0.95,"lower_bound":1083046.3453691627,"upper_bound":1454084.909075755},"point_estimate":1279923.0583933308,"standard_error":94618.78797952394}}