{"mean":{"confidence_interval":{"confidence_level":0.95,"lower_bound":4079424.638115384,"upper_bound":4084020.2135192323},"point_estimate":4081677.9853846147,"standard_error":1168.4172450142107},"median":{"confidence_interval":{"confidence_level":0.95,"lower_bound":4078083.4615384615,"upper_bound":4084520.6153846155},"point_estimate":4079689.307692308,"standard_error":1556.793268897428},"median_abs_dev":{"confidence_interval":{"confidence_level":0.95,"lower_bound":8116.322486675888,"upper_bound":12868.726849034178},"point_estimate":10566.090850875902,"standard_error":1226.5169131831667},"slope":null,"std_dev":{"confidence_interval":{"confidence_level":0.95,"lower_bound":9566.629304764469,"upper_bound":13890.85816303249},"point_estimate":11766.989069042456,"standard_error":1108.018796055854}}