{"mean":{"confidence_interval":{"confidence_level":0.95,"lower_bound":4454.546833308137,"upper_bound":4467.229043911273},"point_estimate":4460.829259211737,"standard_error":3.2241259131071907},"median":{"confidence_interval":{"confidence_level":0.95,"lower_bound":4454.578226208271,"upper_bound":4465.084280472891},"point_estimate":4461.978236917395,"standard_error":2.964345635525676},"median_abs_dev":{"confidence_interval":{"confidence_level":0.95,"lower_bound":17.578127787943185,"upper_bound":33.071710795967135},"point_estimate":23.506539788872633,"standard_error":3.8833657479664807},"slope":{"confidence_interval":{"confidence_level":0.95,"lower_bound":4457.150577689586,"upper_bound":4470.108387503147},"point_estimate":4463.587461573277,"standard_error":3.307706680666985},"std_dev":{"confidence_interval":{"confidence_level":0.95,"lower_bound":25.314209666179718,"upper_bound":38.93772129799133},"point_estimate":32.21751987179854,"standard_error":3.503395646039177}}