{"mean":{"confidence_interval":{"confidence_level":0.95,"lower_bound":463855223.28,"upper_bound":464404210.9085},"point_estimate":464130235.85,"standard_error":140675.84071884464},"median":{"confidence_interval":{"confidence_level":0.95,"lower_bound":463915554.0,"upper_bound":464368046.0},"point_estimate":464094128.0,"standard_error":123894.00862729168},"median_abs_dev":{"confidence_interval":{"confidence_level":0.95,"lower_bound":961734.4335258007,"upper_bound":1699852.019521594},"point_estimate":1280049.3891745806,"standard_error":191227.07746407698},"slope":null,"std_dev":{"confidence_interval":{"confidence_level":0.95,"lower_bound":1207591.0856270462,"upper_bound":1613223.1151883067},"point_estimate":1418979.7274987516,"standard_error":103318.0506189599}}