{"mean":{"confidence_interval":{"confidence_level":0.95,"lower_bound":13083900.149999991,"upper_bound":13144263.830583328},"point_estimate":13113761.906666663,"standard_error":15429.395375011045},"median":{"confidence_interval":{"confidence_level":0.95,"lower_bound":13056794.333333334,"upper_bound":13138720.0},"point_estimate":13102000.5,"standard_error":18666.19934050401},"median_abs_dev":{"confidence_interval":{"confidence_level":0.95,"lower_bound":113910.87407767726,"upper_bound":191559.86704163207},"point_estimate":137140.99176526023,"standard_error":19758.198397906708},"slope":null,"std_dev":{"confidence_interval":{"confidence_level":0.95,"lower_bound":130737.01674345383,"upper_bound":177580.23604506688},"point_estimate":154738.17570698907,"standard_error":12052.868576088415}}