{"mean":{"confidence_interval":{"confidence_level":0.95,"lower_bound":12999557.698083336,"upper_bound":13067527.92425},"point_estimate":13033191.390000002,"standard_error":17429.927438743412},"median":{"confidence_interval":{"confidence_level":0.95,"lower_bound":12991833.333333334,"upper_bound":13081992.0},"point_estimate":13038349.333333332,"standard_error":19918.03396260449},"median_abs_dev":{"confidence_interval":{"confidence_level":0.95,"lower_bound":131969.6830570693,"upper_bound":224110.30622124765},"point_estimate":165630.8799594627,"standard_error":24539.74210445636},"slope":null,"std_dev":{"confidence_interval":{"confidence_level":0.95,"lower_bound":153740.3782535365,"upper_bound":197324.32354915026},"point_estimate":176688.0726641796,"standard_error":11176.510594895282}}