{"mean":{"confidence_interval":{"confidence_level":0.95,"lower_bound":456930363.84225,"upper_bound":457490158.59924996},"point_estimate":457210074.91,"standard_error":142684.35869022887},"median":{"confidence_interval":{"confidence_level":0.95,"lower_bound":457000333.5,"upper_bound":457599744.0},"point_estimate":457426869.0,"standard_error":139748.21550004408},"median_abs_dev":{"confidence_interval":{"confidence_level":0.95,"lower_bound":992571.7716783285,"upper_bound":1571100.8139073849},"point_estimate":1246015.5654788017,"standard_error":144051.47182296196},"slope":null,"std_dev":{"confidence_interval":{"confidence_level":0.95,"lower_bound":1230884.2112200926,"upper_bound":1610010.605915621},"point_estimate":1432278.223468331,"standard_error":96845.60428570822}}