{"mean":{"confidence_interval":{"confidence_level":0.95,"lower_bound":4441999128.5025,"upper_bound":4524184280.9627495},"point_estimate":4483007859.25,"standard_error":20988267.24046967},"median":{"confidence_interval":{"confidence_level":0.95,"lower_bound":4431743557.0,"upper_bound":4525254934.0},"point_estimate":4469057887.5,"standard_error":20816295.901045322},"median_abs_dev":{"confidence_interval":{"confidence_level":0.95,"lower_bound":173762458.9700997,"upper_bound":291987997.2208768},"point_estimate":240233372.13550508,"standard_error":29519054.99013482},"slope":null,"std_dev":{"confidence_interval":{"confidence_level":0.95,"lower_bound":185780196.3606015,"upper_bound":234729094.05510873},"point_estimate":211657477.14666143,"standard_error":12476064.171180341}}